ED_ID,Electoral Division Name (English),GAEILGE,CONTAE,COUNTY,PROVINCE,GUID,CENTROID_X,CENTROID_Y,AREA,ESRI_OID,Shape__Area,Shape__Length
267160,TURNAPIN,Turnapain,Baile Átha Cliath,DUBLIN,Leinster,2ae19629-1cea-13a3-e055-000000000001,717365.57,740807.88,943505.13,1,943505.1296,4732.251966
267034,BLANCHARDSTOWN-TYRRELSTOWN,Baile Bhlainséir-Baile an Tirialaigh,Baile Átha Cliath,DUBLIN,Leinster,2ae19629-1cdf-13a3-e055-000000000001,705543.55,741492.45,3927075.85,6,3927075.85,9876.548268
267035,BOHERNABREENA,Bóthar na Bruíne,Baile Átha Cliath,DUBLIN,Leinster,2ae19629-1ce0-13a3-e055-000000000001,711258.06,720929.15,43938821.49,8,43938821.49,32370.05645
267091,GARRISTOWN,Baile Gháire,Baile Átha Cliath,DUBLIN,Leinster,2ae19629-1d7d-13a3-e055-000000000001,707351.47,757206.45,35597702.89,47,35597702.89,31158.4058
268146,TERENURE C,Tír an Iúir C,Baile Átha Cliath,DUBLIN,Leinster,2ae19629-1df2-13a3-e055-000000000001,713708.94,729864.27,707434.23,49,707434.2269,3581.171798
267120,SHANKILL-RATHMICHAEL,Seanchill-Ráth Michíl,Baile Átha Cliath,DUBLIN,Leinster,2ae19629-1e17-13a3-e055-000000000001,723292.48,720693.86,14930285.88,59,14930285.88,19502.60581
268153,USHERS F,Cé Uiséir F,Baile Átha Cliath,DUBLIN,Leinster,2ae19629-1e05-13a3-e055-000000000001,713263.14,733533.06,453161.07,73,453161.0745,3178.457801
267016,BALSCADDEN,Baile Scadán,Baile Átha Cliath,DUBLIN,Leinster,2ae19629-1e35-13a3-e055-000000000001,716438.22,763100.43,15968025.17,98,15968025.17,24007.0981
267151,TEMPLEOGUE-LIMEKILN,Teach Mealóg-An Tiníl,Baile Átha Cliath,DUBLIN,Leinster,2ae19629-1cd3-13a3-e055-000000000001,710941.12,729715.02,1076971.48,101,1076971.478,5598.870629
268070,GRACE PARK,Páirc na nGrás,Baile Átha Cliath,DUBLIN,Leinster,2ae19629-1d71-13a3-e055-000000000001,717707.98,737504.08,1243434.09,109,1243434.094,4593.189134
268090,KIMMAGE A,Camaigh A,Baile Átha Cliath,DUBLIN,Leinster,2ae19629-1d99-13a3-e055-000000000001,712534.44,731545.59,274022.7,123,274022.6967,2160.323724
268032,CABRA EAST C,An Chabrach Thoir C,Baile Átha Cliath,DUBLIN,Leinster,2ae19629-1d2a-13a3-e055-000000000001,713926.84,735417.5,456536.25,124,456536.2484,3793.584569
267124,STILLORGAN-DEERPARK,Stigh Lorgan-Páirc na bhFianna,Baile Átha Cliath,DUBLIN,Leinster,2ae19629-1ca0-13a3-e055-000000000001,718752.84,728690.21,1021339.64,126,1021339.64,4723.044123
267029,BLANCHARDSTOWN-COOLMINE,Baile Bhlainséir-Cúil Mhín,Baile Átha Cliath,DUBLIN,Leinster,2ae19629-1cc7-13a3-e055-000000000001,706746.46,739255.98,2750740.13,127,2750740.133,6660.003689
267154,TEMPLEOGUE VILLAGE,Teach Mealóg,Baile Átha Cliath,DUBLIN,Leinster,2ae19629-1cd6-13a3-e055-000000000001,713258.41,728938.45,513736.16,131,513736.161,3859.893168
268119,PRIORSWOOD C,Coill an Phrióra C,Baile Átha Cliath,DUBLIN,Leinster,2ae19629-1dca-13a3-e055-000000000001,720561.17,740676.28,889211.35,132,889211.3503,3996.377803
267022,BLACKROCK-GLENOMENA,An Charraig Dhubh-Gleann na Míne,Baile Átha Cliath,DUBLIN,Leinster,2ae19629-1cc0-13a3-e055-000000000001,719140.49,730120.62,452309.4,135,452309.4001,3639.498173
268026,BEAUMONT F,Beaumont F,Baile Átha Cliath,DUBLIN,Leinster,2ae19629-1d24-13a3-e055-000000000001,717712.93,738336.88,543379.29,148,543379.2865,3538.335099
267056,CLONSKEAGH-BELFIELD,Cluain Sceach-Belfield,Baile Átha Cliath,DUBLIN,Leinster,2ae19629-1d19-13a3-e055-000000000001,718375.19,729995.45,1910627.76,150,1910627.765,6040.935891
268086,KILMORE C,An Choill Mhór C,Baile Átha Cliath,DUBLIN,Leinster,2ae19629-1d8e-13a3-e055-000000000001,719336.45,739648.4,530821.9,159,530821.898,3465.094379
268149,USHERS B,Cé Uiséir B,Baile Átha Cliath,DUBLIN,Leinster,2ae19629-1df5-13a3-e055-000000000001,714115.35,734154.7,270151.79,163,270151.7933,2251.617089
267006,BALLINASCORNEY,Buaile na Scornaí,Baile Átha Cliath,DUBLIN,Leinster,2ae19629-1e23-13a3-e055-000000000001,706093.91,722629.6,24127531,171,24127531,25531.10718
267063,DALKEY-BULLOCK,Deilginis-Blóic,Baile Átha Cliath,DUBLIN,Leinster,2ae19629-1d20-13a3-e055-000000000001,726081.85,727358.22,571291.78,175,571291.7843,3733.685503
267140,TALLAGHT-JOBSTOWN,Tamhlacht-Ráth Miontáin,Baile Átha Cliath,DUBLIN,Leinster,2ae19629-1cb7-13a3-e055-000000000001,705982.73,726776.56,2729183.45,179,2729183.454,7561.475822
268125,RAHENY-GREENDALE,Ráth Eanaigh-An Gleanntán Glas,Baile Átha Cliath,DUBLIN,Leinster,2ae19629-1dd0-13a3-e055-000000000001,722947.75,738917.67,438297.36,197,438297.3645,3137.930686
268042,CLONTARF EAST B,Cluain Tarbh Thoir B,Baile Átha Cliath,DUBLIN,Leinster,2ae19629-1d44-13a3-e055-000000000001,721728.45,736263.01,3481123.01,221,3481123.013,18128.1369
268033,CABRA WEST A,An Chabrach Thiar A,Baile Átha Cliath,DUBLIN,Leinster,2ae19629-1d2b-13a3-e055-000000000001,712740.06,737182.3,446417.3,225,446417.3023,3425.137491
268025,BEAUMONT E,Beaumont E,Baile Átha Cliath,DUBLIN,Leinster,2ae19629-1d23-13a3-e055-000000000001,718246.31,737988.62,314936.33,229,314936.3267,2708.656691
267135,SWORDS VILLAGE,Sord,Baile Átha Cliath,DUBLIN,Leinster,2ae19629-1cb2-13a3-e055-000000000001,718280.93,746778.23,916951.74,235,916951.7375,4634.596446
267159,TIBRADDEN,Tigh Bródáin,Baile Átha Cliath,DUBLIN,Leinster,2ae19629-1ce9-13a3-e055-000000000001,715040.81,722420.36,13383847.8,249,13383847.8,19361.47377
268066,FINGLAS SOUTH A,Fionnghlas Theas A,Baile Átha Cliath,DUBLIN,Leinster,2ae19629-1d6d-13a3-e055-000000000001,712262.3,738797.83,585069.05,250,585069.0533,3417.444624
268034,CABRA WEST B,An Chabrach Thiar B,Baile Átha Cliath,DUBLIN,Leinster,2ae19629-1d2c-13a3-e055-000000000001,713555.62,736837.29,453248.39,251,453248.394,2878.792847
267050,CLONDALKIN-MONASTERY,Cluain Dolcáin-An Mhainistir,Baile Átha Cliath,DUBLIN,Leinster,2ae19629-1cff-13a3-e055-000000000001,708496.6,731468.5,3947541.45,266,3947541.451,9472.95701
268018,BALLYMUN D,Baile Munna D,Baile Átha Cliath,DUBLIN,Leinster,2ae19629-1d0e-13a3-e055-000000000001,715075.74,739637.06,472377.44,267,472377.4361,3077.347551
267003,BALBRIGGAN URBAN,Baile Brigín (Uirbeach),Baile Átha Cliath,DUBLIN,Leinster,2ae19629-1ef1-13a3-e055-000000000001,720392.54,763431.3,2185009.93,269,2185009.934,11048.32766
268030,CABRA EAST A,An Chabrach Thoir A,Baile Átha Cliath,DUBLIN,Leinster,2ae19629-1d28-13a3-e055-000000000001,714123.67,736759.49,1408501.76,270,1408501.762,6319.481293
267094,HOLMPATRICK,Inis Pádraig,Baile Átha Cliath,DUBLIN,Leinster,2ae19629-1d95-13a3-e055-000000000001,722784.31,758329.06,26477467.08,281,26477467.08,41416.73611
267115,RATHFARNHAM-HERMITAGE,Ráth Fearnáin-Eirmeatáiste,Baile Átha Cliath,DUBLIN,Leinster,2ae19629-1e02-13a3-e055-000000000001,714857.46,727740.94,782738.64,282,782738.6447,4224.043939
267131,SWORDS-GLASMORE,Sord-An Ghlas Mhór,Baile Átha Cliath,DUBLIN,Leinster,2ae19629-1ca7-13a3-e055-000000000001,715988.44,747827.36,4505431.74,285,4505431.74,12790.33686
267105,MALAHIDE EAST,Mullach Íde Thoir,Baile Átha Cliath,DUBLIN,Leinster,2ae19629-1de0-13a3-e055-000000000001,723589.61,745558.07,3263496.71,307,3263496.714,9807.711285
267095,HOWTH,Binn Éadair,Baile Átha Cliath,DUBLIN,Leinster,2ae19629-1daf-13a3-e055-000000000001,727569.69,738862.81,10953989.2,311,10953989.2,28481.58285
267114,RATHFARNHAM-BUTTERFIELD,Ráth Fearnáin-Gort an Ime,Baile Átha Cliath,DUBLIN,Leinster,2ae19629-1e01-13a3-e055-000000000001,713829.82,728334.1,768718.24,317,768718.2395,3901.920267
267070,DUN LAOGHAIRE-MONKSTOWN FARM,Dún Laoghaire-Feirm Bhaile na Manach,Baile Átha Cliath,DUBLIN,Leinster,2ae19629-1d3d-13a3-e055-000000000001,723115.28,727551.94,341269.73,318,341269.7314,2631.839876
268157,WHITEHALL A,An Halla Bán A,Baile Átha Cliath,DUBLIN,Leinster,2ae19629-1e09-13a3-e055-000000000001,716083.11,738337.69,1316701.73,324,1316701.732,4615.053002
268063,FINGLAS NORTH A,Fionnghlas Thuaidh A,Baile Átha Cliath,DUBLIN,Leinster,2ae19629-1d6a-13a3-e055-000000000001,712129.15,739734.88,726214.56,349,726214.5622,4375.386627
267025,BLACKROCK-TEMPLEHILL,An Charraig Dhubh-Cnoc an Teampaill,Baile Átha Cliath,DUBLIN,Leinster,2ae19629-1cc3-13a3-e055-000000000001,721780.43,728815.22,787152.43,354,787152.4303,4459.681776
268145,TERENURE B,Tír an Iúir B,Baile Átha Cliath,DUBLIN,Leinster,2ae19629-1df1-13a3-e055-000000000001,713917.03,730543.83,535125.49,371,535125.4928,3321.677965
267031,BLANCHARDSTOWN-DELWOOD,Baile Bhlainséir-Delwood,Baile Átha Cliath,DUBLIN,Leinster,2ae19629-1cc9-13a3-e055-000000000001,706935.09,738073.14,1009814.02,375,1009814.023,4543.099735
268118,PHOENIX PARK,Páirc an Fhionnuisce,Baile Átha Cliath,DUBLIN,Leinster,2ae19629-1dbe-13a3-e055-000000000001,711572.72,735496.41,7374042.46,394,7374042.464,11566.97616
267130,SUTTON,Cill Fhionntain,Baile Átha Cliath,DUBLIN,Leinster,2ae19629-1ca6-13a3-e055-000000000001,724359.34,739201.25,1441394.52,439,1441394.525,7849.666232
268099,MERCHANTS QUAY B,Cé na gCeannaithe B,Baile Átha Cliath,DUBLIN,Leinster,2ae19629-1da2-13a3-e055-000000000001,714746.38,733724.2,241335.94,440,241335.9436,2191.928097
267139,TALLAGHT-GLENVIEW,Tamhlacht-Radharc an Ghleanna,Baile Átha Cliath,DUBLIN,Leinster,2ae19629-1cb6-13a3-e055-000000000001,710245.51,727726.02,406247.37,451,406247.3651,4772.754008
268116,PEMBROKE WEST B,Peambróg Thiar B,Baile Átha Cliath,DUBLIN,Leinster,2ae19629-1dbc-13a3-e055-000000000001,717540.49,732205.48,743155.72,471,743155.7208,4929.233038
268003,ARRAN QUAY C,Cé Árann C,Baile Átha Cliath,DUBLIN,Leinster,2ae19629-1ced-13a3-e055-000000000001,714299.29,734463.8,382551.09,505,382551.0941,3076.963416
268011,BALLYGALL C,Baile Gall C,Baile Átha Cliath,DUBLIN,Leinster,2ae19629-1d07-13a3-e055-000000000001,714929.98,738545.07,991998.17,506,991998.1699,4199.621384
268148,USHERS A,Cé Uiséir A,Baile Átha Cliath,DUBLIN,Leinster,2ae19629-1df4-13a3-e055-000000000001,713227.88,733998.48,721925.95,507,721925.9518,3541.018777
268069,FINGLAS SOUTH D,Fionnghlas Theas D,Baile Átha Cliath,DUBLIN,Leinster,2ae19629-1d70-13a3-e055-000000000001,712012.93,738136.37,443318.32,525,443318.317,2988.637497
268147,TERENURE D,Tír an Iúir D,Baile Átha Cliath,DUBLIN,Leinster,2ae19629-1df3-13a3-e055-000000000001,713979.35,729598.37,462362.65,530,462362.6451,3270.435305
267088,FOXROCK-CARRICKMINES,Carraig an tSionnaigh-Carraig Mhaighin,Baile Átha Cliath,DUBLIN,Leinster,2ae19629-1d7a-13a3-e055-000000000001,722270.06,725235.2,2828887.26,531,2828887.265,7263.329863
267002,BALBRIGGAN RURAL,Baile Brigín (Tuath),Baile Átha Cliath,DUBLIN,Leinster,2ae19629-1ef0-13a3-e055-000000000001,719828.16,761726.8,25769744.41,543,25769744.41,35149.98442
268084,KILMAINHAM B,Cill Mhaighneann B,Baile Átha Cliath,DUBLIN,Leinster,2ae19629-1d8c-13a3-e055-000000000001,712004.12,733861.54,812890.05,552,812890.051,4919.798486
267072,DUN LAOGHAIRE SALLYNOGGIN EAST,Dún Laoghaire-An Naigín Thoir,Baile Átha Cliath,DUBLIN,Leinster,2ae19629-1d3f-13a3-e055-000000000001,724559.89,726676.95,739158.33,571,739158.3266,3997.642491
267143,TALLAGHT-KILTIPPER,Tamhlacht-Coill Tobair,Baile Átha Cliath,DUBLIN,Leinster,2ae19629-1ccb-13a3-e055-000000000001,708341.47,725926.17,1655643.57,574,1655643.572,6690.262106
268021,BEAUMONT A,Beaumont A,Baile Átha Cliath,DUBLIN,Leinster,2ae19629-1d11-13a3-e055-000000000001,717324.82,739189.72,512932.86,579,512932.8558,3758.836393
267026,BLACKROCK-WILLIAMSTOWN,An Charraig Dhubh-Baile Liam,Baile Átha Cliath,DUBLIN,Leinster,2ae19629-1cc4-13a3-e055-000000000001,720454.39,729455.03,1068995.39,600,1068995.386,5556.065872
268108,NORTH DOCK B,An Duga Thuaidh B,Baile Átha Cliath,DUBLIN,Leinster,2ae19629-1db4-13a3-e055-000000000001,718782.66,735009.53,3464921.16,609,3464921.159,13429.98313
268027,BOTANIC A,Garraithe na Lus A,Baile Átha Cliath,DUBLIN,Leinster,2ae19629-1d25-13a3-e055-000000000001,714699.65,737207.16,1315169.42,612,1315169.416,5069.245943
268001,ARRAN QUAY A,Cé Árann A,Baile Átha Cliath,DUBLIN,Leinster,2ae19629-1ceb-13a3-e055-000000000001,714830.97,735541.77,153192.9,615,153192.8985,2210.68582
268046,CLONTARF WEST A,Cluain Tarbh Thiar A,Baile Átha Cliath,DUBLIN,Leinster,2ae19629-1d48-13a3-e055-000000000001,719465.19,737882.82,701964.19,616,701964.1898,3821.755351
267062,DALKEY-AVONDALE,Deilginis-Avondale,Baile Átha Cliath,DUBLIN,Leinster,2ae19629-1d1f-13a3-e055-000000000001,724882.71,726134.58,523468.8,617,523468.7957,3389.090235
268035,CABRA WEST C,An Chabrach Thiar C,Baile Átha Cliath,DUBLIN,Leinster,2ae19629-1d2d-13a3-e055-000000000001,713192.67,736175.72,573608.62,642,573608.6238,3207.457153
267009,BALLINTEER-LUDFORD,Baile an tSaoir-Ludford,Baile Átha Cliath,DUBLIN,Leinster,2ae19629-1e26-13a3-e055-000000000001,716683.71,726811.59,461015.07,646,461015.0747,3201.960264
268144,TERENURE A,Tír an Iúir A,Baile Átha Cliath,DUBLIN,Leinster,2ae19629-1df0-13a3-e055-000000000001,714156.01,731257.68,540754.77,649,540754.7665,3179.207759
268105,MOUNTJOY B,Muinseo B,Baile Átha Cliath,DUBLIN,Leinster,2ae19629-1da8-13a3-e055-000000000001,716099.83,735498.01,223639.46,660,223639.4561,2137.440421
268151,USHERS D,Cé Uiséir D,Baile Átha Cliath,DUBLIN,Leinster,2ae19629-1df7-13a3-e055-000000000001,713548.54,733107.03,147489.95,695,147489.9513,1783.301875
268161,WOOD QUAY A,Cé an Adhmaid A,Baile Átha Cliath,DUBLIN,Leinster,2ae19629-1e0d-13a3-e055-000000000001,715153.07,733676.76,174582.03,704,174582.028,2487.300608
267059,CLONSKEAGH-WINDY ARBOUR,Cluain Sceach-Na Glasáin,Baile Átha Cliath,DUBLIN,Leinster,2ae19629-1d1c-13a3-e055-000000000001,717322.38,729245.16,713114.71,711,713114.7057,3713.260449
267078,DUNDRUM-BALALLY,Dún Droma-Baile Amhlaoibh,Baile Átha Cliath,DUBLIN,Leinster,2ae19629-1d5a-13a3-e055-000000000001,718811.11,726487.67,2509546.87,716,2509546.866,7842.668686
267027,BLANCHARDSTOWN-ABBOTSTOWN,Baile Bhlainséir-Baile an Aba,Baile Átha Cliath,DUBLIN,Leinster,2ae19629-1cc5-13a3-e055-000000000001,709702.84,739126.91,7186209.01,718,7186209.014,12417.61464
267087,FOXROCK-BEECHPARK,Carraig an tSionnaigh-Páirc na Feá,Baile Átha Cliath,DUBLIN,Leinster,2ae19629-1d79-13a3-e055-000000000001,722337.66,726237.5,537692.43,744,537692.4298,3586.960254
267098,KILSALLAGHAN,Cill Shalcháin,Baile Átha Cliath,DUBLIN,Leinster,2ae19629-1dc5-13a3-e055-000000000001,712119.08,748282.52,27803052.03,760,27803052.03,33471.62936
268138,ROTUNDA A,Rotunda A,Baile Átha Cliath,DUBLIN,Leinster,2ae19629-1dea-13a3-e055-000000000001,715790.61,735327.29,249306.38,763,249306.3772,2084.734149
267067,DUN LAOGHAIRE-EAST CENTRAL,Dún Laoghaire Láir Thoir,Baile Átha Cliath,DUBLIN,Leinster,2ae19629-1d3a-13a3-e055-000000000001,724589.6,728772.05,452763.25,798,452763.2496,6381.315719
267052,CLONDALKIN-ROWLAGH,Cluain Dolcáin-Rualach,Baile Átha Cliath,DUBLIN,Leinster,2ae19629-1d01-13a3-e055-000000000001,706342.44,733569.53,728317.72,801,728317.7158,3818.499687
268004,ARRAN QUAY D,Cé Árann D,Baile Átha Cliath,DUBLIN,Leinster,2ae19629-1cee-13a3-e055-000000000001,713712.86,734831.5,345146.26,809,345146.2574,2716.967031
267011,BALLINTEER-MEADOWBROADS,Baile an tSaoir-Cluain Leathan,Baile Átha Cliath,DUBLIN,Leinster,2ae19629-1e28-13a3-e055-000000000001,716682.08,727527.43,342753.46,829,342753.455,2763.983735
268120,PRIORSWOOD D,Coill an Phrióra D,Baile Átha Cliath,DUBLIN,Leinster,2ae19629-1dcb-13a3-e055-000000000001,719854.41,740012.89,785512.02,837,785512.0223,4185.503999
268096,MANSION HOUSE A,Teach an Ardmhéara A,Baile Átha Cliath,DUBLIN,Leinster,2ae19629-1d9f-13a3-e055-000000000001,716427.99,734046.06,669176.09,843,669176.0902,3303.628394
268051,CRUMLIN A,Cromghlinn A,Baile Átha Cliath,DUBLIN,Leinster,2ae19629-1d4d-13a3-e055-000000000001,711803.56,732670.63,543406.15,846,543406.154,3502.241361
268078,INCHICORE A,Inse Chór A,Baile Átha Cliath,DUBLIN,Leinster,2ae19629-1d86-13a3-e055-000000000001,710962.42,733117.41,1000696.96,862,1000696.958,5102.316112
268002,ARRAN QUAY B,Cé Árann B,Baile Átha Cliath,DUBLIN,Leinster,2ae19629-1cec-13a3-e055-000000000001,714444.24,735220.41,759062.72,881,759062.7186,3660.394092
267127,STILLORGAN-MERVILLE,Stigh Lorgan-Merville,Baile Átha Cliath,DUBLIN,Leinster,2ae19629-1ca3-13a3-e055-000000000001,719892.59,727320.11,1137620.97,891,1137620.971,4523.591375
268053,CRUMLIN C,Cromghlinn C,Baile Átha Cliath,DUBLIN,Leinster,2ae19629-1d4f-13a3-e055-000000000001,713807.98,732417.42,497901.43,895,497901.4337,3062.595202
268057,DECIES,Na Déise,Baile Átha Cliath,DUBLIN,Leinster,2ae19629-1d64-13a3-e055-000000000001,710362.21,733461.02,316796.92,896,316796.9242,2355.588374
267106,MALAHIDE WEST,Mullach Íde Thiar,Baile Átha Cliath,DUBLIN,Leinster,2ae19629-1de1-13a3-e055-000000000001,721493.06,745818.65,2579173.77,918,2579173.766,9352.766854
267144,TALLAGHT-KINGSWOOD,Tamhlacht-Coill an Rí,Baile Átha Cliath,DUBLIN,Leinster,2ae19629-1ccc-13a3-e055-000000000001,708906.09,728593.07,1696463.79,945,1696463.789,6681.836282
268155,WALKINSTOWN B,Baile Bhailcín B,Baile Átha Cliath,DUBLIN,Leinster,2ae19629-1e07-13a3-e055-000000000001,711589.15,731409.79,344308.56,968,344308.5621,3005.280286
268132,RATHMINES WEST A,Ráth Maonais Thiar A,Baile Átha Cliath,DUBLIN,Leinster,2ae19629-1dd7-13a3-e055-000000000001,715122.26,732017.55,657797.4,974,657797.3965,3351.992506
268135,RATHMINES WEST D,Ráth Maonais Thiar D,Baile Átha Cliath,DUBLIN,Leinster,2ae19629-1de7-13a3-e055-000000000001,715345.19,731018.46,372854.25,977,372854.2549,2951.9581
268088,KILMORE A,An Choill Mhór A,Baile Átha Cliath,DUBLIN,Leinster,2ae19629-1d97-13a3-e055-000000000001,717558.27,740050.64,774334.31,981,774334.315,4153.981865
268103,MERCHANTS QUAY F,Cé na gCeannaithe F,Baile Átha Cliath,DUBLIN,Leinster,2ae19629-1da6-13a3-e055-000000000001,714041.27,732899.54,298493.09,999,298493.0857,2234.314124
267138,TALLAGHT-FETTERCAIRN,Tamhlacht-Fothair Chardain,Baile Átha Cliath,DUBLIN,Leinster,2ae19629-1cb5-13a3-e055-000000000001,705982.17,728301.67,4590260.87,1001,4590260.87,9892.251698
267142,TALLAGHT-KILNAMANAGH,Tamhlacht-Cill na Manach,Baile Átha Cliath,DUBLIN,Leinster,2ae19629-1cca-13a3-e055-000000000001,709922.93,729836.2,2134093.88,1008,2134093.876,7250.082155
268040,CHERRY ORCHARD C,Gort na Silíní C,Baile Átha Cliath,DUBLIN,Leinster,2ae19629-1d42-13a3-e055-000000000001,708829.51,732777.41,1418585.87,1013,1418585.873,6370.600365
267018,BLACKROCK-SEAPOINT,An Charraig Dhubh-Rinn na Mara,Baile Átha Cliath,DUBLIN,Leinster,2ae19629-1e37-13a3-e055-000000000001,722508.55,728930.21,364502.6,1015,364502.5996,3133.818857
267069,DUN LAOGHAIRE-GLENAGEARY,Dún Laoghaire-Gleann na gCaorach,Baile Átha Cliath,DUBLIN,Leinster,2ae19629-1d3c-13a3-e055-000000000001,724091.35,727591.24,590702.54,1026,590702.5353,3267.73857
268037,CHAPELIZOD,Séipéal Iosóid,Baile Átha Cliath,DUBLIN,Leinster,2ae19629-1d2f-13a3-e055-000000000001,710307.17,734399.56,1167337.44,1030,1167337.441,5560.879409
268008,AYRFIELD,Bán an Aeir,Baile Átha Cliath,DUBLIN,Leinster,2ae19629-1d04-13a3-e055-000000000001,720734.8,739900.76,893778.82,1036,893778.817,4608.742567
268045,CLONTARF EAST E,Cluain Tarbh Thoir E,Baile Átha Cliath,DUBLIN,Leinster,2ae19629-1d47-13a3-e055-000000000001,719723.88,737391.48,407010.3,1040,407010.3043,2902.602683
268152,USHERS E,Cé Uiséir E,Baile Átha Cliath,DUBLIN,Leinster,2ae19629-1df8-13a3-e055-000000000001,713302.81,732986.52,224561.26,1052,224561.2553,2438.572687
267017,BLACKROCK-MONKSTOWN,An Charraig Dhubh-Baile na Manach,Baile Átha Cliath,DUBLIN,Leinster,2ae19629-1e36-13a3-e055-000000000001,722592.73,728340.07,732580.17,1053,732580.1694,4651.508616
267126,STILLORGAN-LEOPARDSTOWN,Stigh Lorgan-Baile na Lobhar,Baile Átha Cliath,DUBLIN,Leinster,2ae19629-1ca2-13a3-e055-000000000001,720514,726778.51,569128.53,1054,569128.5303,3175.645393
267129,STILLORGAN-PRIORY,Stigh Lorgan-An Phrióireacht,Baile Átha Cliath,DUBLIN,Leinster,2ae19629-1ca5-13a3-e055-000000000001,720332.45,728357.38,556869.08,1086,556869.0833,3860.312739
268010,BALLYBOUGH B,An Baile Bocht B,Baile Átha Cliath,DUBLIN,Leinster,2ae19629-1d06-13a3-e055-000000000001,716196.89,735865.9,353884.23,1121,353884.2297,2901.069575
267153,TEMPLEOGUE-OSPREY,Teach Mealóg-Osprey,Baile Átha Cliath,DUBLIN,Leinster,2ae19629-1cd5-13a3-e055-000000000001,711319.88,728655,1411963.32,1125,1411963.32,6170.234458
268121,PRIORSWOOD A,Coill an Phrióra A,Baile Átha Cliath,DUBLIN,Leinster,2ae19629-1dcc-13a3-e055-000000000001,718511.06,740809.71,1735897.86,1131,1735897.86,6185.226649
267048,CLONDALKIN-CAPPAGHMORE,Cluain Dolcáin-An Cheapach Mhór,Baile Átha Cliath,DUBLIN,Leinster,2ae19629-1cfd-13a3-e055-000000000001,705435.68,732855.65,2067735.59,1137,2067735.587,6774.003203
268054,CRUMLIN D,Cromghlinn D,Baile Átha Cliath,DUBLIN,Leinster,2ae19629-1d50-13a3-e055-000000000001,712692.49,731896.46,585736.59,1143,585736.59,4194.527314
268012,BALLYGALL A,Baile Gall A,Baile Átha Cliath,DUBLIN,Leinster,2ae19629-1d08-13a3-e055-000000000001,713555.1,738438.89,484419.71,1148,484419.7143,3814.215553
268098,MERCHANTS QUAY A,Cé na gCeannaithe A,Baile Átha Cliath,DUBLIN,Leinster,2ae19629-1da1-13a3-e055-000000000001,714770.16,734088.22,178231.54,1152,178231.5386,1872.918724
268068,FINGLAS SOUTH C,Fionnghlas Theas C,Baile Átha Cliath,DUBLIN,Leinster,2ae19629-1d6f-13a3-e055-000000000001,712590.7,738102.48,366644.54,1168,366644.5409,2994.495443
268017,BALLYMUN C,Baile Munna C,Baile Átha Cliath,DUBLIN,Leinster,2ae19629-1d0d-13a3-e055-000000000001,715873.23,739854.18,773137.81,1169,773137.8091,3615.923394
268082,INNS QUAY C,Cé na nÓstaí C,Baile Átha Cliath,DUBLIN,Leinster,2ae19629-1d8a-13a3-e055-000000000001,715046.27,734691.4,284788.41,1175,284788.4135,2690.886515
268126,RAHENY-St. ASSAM,Ráth Eanaigh-San Asam,Baile Átha Cliath,DUBLIN,Leinster,2ae19629-1dd1-13a3-e055-000000000001,723441.88,737766.46,2371666.47,1176,2371666.469,12759.61157
267075,DUN LAOGHAIRE-SALTHILL,Dún Laoghaire-Cnoc an tSalainn,Baile Átha Cliath,DUBLIN,Leinster,2ae19629-1d57-13a3-e055-000000000001,723836.52,728949.31,567289.96,1179,567289.9639,7796.807644
268007,ASHTOWN B,Baile an Ásaigh B,Baile Átha Cliath,DUBLIN,Leinster,2ae19629-1d03-13a3-e055-000000000001,711885.36,736494.95,595174.95,1186,595174.946,4698.395177
267073,DUN LAOGHAIRE SALLYNOGGIN SOUTH,Dún Laoghaire-An Naigín Theas,Baile Átha Cliath,DUBLIN,Leinster,2ae19629-1d40-13a3-e055-000000000001,723949.52,726177.65,409644.96,1190,409644.9615,3388.165968
268150,USHERS C,Cé Uiséir C,Baile Átha Cliath,DUBLIN,Leinster,2ae19629-1df6-13a3-e055-000000000001,714054.12,733405.75,398308.94,1207,398308.9412,3366.28939
268140,ROYAL EXCHANGE A,An Malartán Ríoga A,Baile Átha Cliath,DUBLIN,Leinster,2ae19629-1dec-13a3-e055-000000000001,715553.1,733795.22,442645.4,1224,442645.4009,3667.363983
267004,BALDOYLE,Baile Dúill,Baile Átha Cliath,DUBLIN,Leinster,2ae19629-1ef2-13a3-e055-000000000001,723892.66,740453.68,2676068.45,1227,2676068.455,8224.151466
268133,RATHMINES WEST B,Ráth Maonais Thiar B,Baile Átha Cliath,DUBLIN,Leinster,2ae19629-1dd8-13a3-e055-000000000001,715815.07,732098.95,336003.63,1228,336003.6322,2456.111695
268106,NORTH CITY,An Chathair Thuaidh,Baile Átha Cliath,DUBLIN,Leinster,2ae19629-1db2-13a3-e055-000000000001,715711.29,734633.23,563339.71,1230,563339.7079,3268.791717
267054,CLONMETHAN,Gleann Meáin,Baile Átha Cliath,DUBLIN,Leinster,2ae19629-1d17-13a3-e055-000000000001,710465.61,753344.47,16876982.17,1264,16876982.17,24137.15039
268104,MOUNTJOY A,Muinseo A,Baile Átha Cliath,DUBLIN,Leinster,2ae19629-1da7-13a3-e055-000000000001,716380.94,735095.5,298978.92,1287,298978.9238,2315.053634
267100,LUCAN-ESKER,Leamhcán-Eiscir,Baile Átha Cliath,DUBLIN,Leinster,2ae19629-1dc7-13a3-e055-000000000001,704576.51,733899.61,6443819.01,1312,6443819.008,11727.77886
268113,PEMBROKE EAST D,Peambróg Thoir D,Baile Átha Cliath,DUBLIN,Leinster,2ae19629-1db9-13a3-e055-000000000001,718647.99,730949.76,1849191.69,1316,1849191.693,7249.881459
268048,CLONTARF WEST C,Cluain Tarbh Thiar C,Baile Átha Cliath,DUBLIN,Leinster,2ae19629-1d4a-13a3-e055-000000000001,718609.63,736766.88,1050738.39,1343,1050738.389,4665.443616
268073,GRANGE C,An Ghráinseach C,Baile Átha Cliath,DUBLIN,Leinster,2ae19629-1d81-13a3-e055-000000000001,722394.81,739726.22,475478.29,1347,475478.2902,2937.780023
267013,BALLYBODEN,Baile Baodáin,Baile Átha Cliath,DUBLIN,Leinster,2ae19629-1e2a-13a3-e055-000000000001,712964.51,727366.23,1233108.06,1364,1233108.056,4818.09526
268020,BALLYMUN F,Baile Munna F,Baile Átha Cliath,DUBLIN,Leinster,2ae19629-1d10-13a3-e055-000000000001,714054.31,739589.78,435779.38,1367,435779.3818,3348.95336
267043,CHURCHTOWN-LANDSCAPE,Baile an Teampaill-Fearann na Scéimhe,Baile Átha Cliath,DUBLIN,Leinster,2ae19629-1cf8-13a3-e055-000000000001,715542.45,729082.83,410588.23,1382,410588.2277,3012.346197
267014,BALLYBOGHIL,Baile Bachaille,Baile Átha Cliath,DUBLIN,Leinster,2ae19629-1e33-13a3-e055-000000000001,714169.04,754090.89,19548957.42,1405,19548957.42,30359.09408
268095,KYLEMORE,An Choill Mhóir,Baile Átha Cliath,DUBLIN,Leinster,2ae19629-1d9e-13a3-e055-000000000001,709795.97,733140.13,575945.94,1438,575945.9404,3482.762996
267149,TEMPLEOGUE-CYPRESS,Teach Mealóg-An Chufróg,Baile Átha Cliath,DUBLIN,Leinster,2ae19629-1cd1-13a3-e055-000000000001,712150.86,728709.06,724204.66,1441,724204.6623,3951.726541
268050,CLONTARF WEST E,Cluain Tarbh Thiar E,Baile Átha Cliath,DUBLIN,Leinster,2ae19629-1d4c-13a3-e055-000000000001,717572.06,736872.58,325256.64,1443,325256.6399,2619.277225
268062,EDENMORE,Éadan Mór,Baile Átha Cliath,DUBLIN,Leinster,2ae19629-1d69-13a3-e055-000000000001,720696.47,738870.2,583446.67,1454,583446.6667,3662.170004
267082,DUNDRUM-TANEY,Dún Droma-Teach Naithí,Baile Átha Cliath,DUBLIN,Leinster,2ae19629-1d5e-13a3-e055-000000000001,717468.4,728657.33,572016.14,1461,572016.1449,3455.194743
267096,KILLINEY NORTH,Cill Iníon Léinín Thuaidh,Baile Átha Cliath,DUBLIN,Leinster,2ae19629-1db0-13a3-e055-000000000001,725322.68,725115.17,2207353.73,1466,2207353.726,6998.701538
267083,EDMONDSTOWN,Baile Éamainn,Baile Átha Cliath,DUBLIN,Leinster,2ae19629-1d5f-13a3-e055-000000000001,713828.92,725907.49,4263841.42,1488,4263841.418,9403.866475
267058,CLONSKEAGH-ROEBUCK,Cluain Sceach-Reabóg,Baile Átha Cliath,DUBLIN,Leinster,2ae19629-1d1b-13a3-e055-000000000001,718213.31,728951.22,749153.59,1489,749153.5879,3421.266818
268160,WHITEHALL D,An Halla Bán D,Baile Átha Cliath,DUBLIN,Leinster,2ae19629-1e0c-13a3-e055-000000000001,716969.9,738190.63,684313.62,1497,684313.618,4220.048208
267001,AIRPORT,An tAerfort,Baile Átha Cliath,DUBLIN,Leinster,2ae19629-1eef-13a3-e055-000000000001,716316.73,742411.3,8697795.85,1510,8697795.849,13243.60397
268028,BOTANIC B,Garraithe na Lus B,Baile Átha Cliath,DUBLIN,Leinster,2ae19629-1d26-13a3-e055-000000000001,715596.17,736763.68,493752.95,1513,493752.9451,3153.456635
267057,CLONSKEAGH-FARRANBOLEY,Cluain Sceach-Fearann na Buaile,Baile Átha Cliath,DUBLIN,Leinster,2ae19629-1d1a-13a3-e055-000000000001,716643.13,729832.23,363927.72,1520,363927.7161,2814.737689
268143,SOUTH DOCK,An Duga Theas,Baile Átha Cliath,DUBLIN,Leinster,2ae19629-1def-13a3-e055-000000000001,717136.12,733575.86,1051731.65,1538,1051731.654,5518.524851
267037,CABINTEELY-KILBOGGET,Cábán tSíle-Cill Bheagóige,Baile Átha Cliath,DUBLIN,Leinster,2ae19629-1ce2-13a3-e055-000000000001,724109.26,724456.14,1061329.94,1546,1061329.942,4810.670363
267108,PALMERSTON VILLAGE,Baile Phámar,Baile Átha Cliath,DUBLIN,Leinster,2ae19629-1de3-13a3-e055-000000000001,708538.55,734472.19,1168197.49,1555,1168197.488,4611.26146
267136,TALLAGHT-AVONBEG,Tamhlacht-Abhainn Bheag,Baile Átha Cliath,DUBLIN,Leinster,2ae19629-1cb3-13a3-e055-000000000001,710298.75,727353.48,367666.27,1559,367666.2723,2808.14237
268156,WALKINSTOWN C,Baile Bhailcín C,Baile Átha Cliath,DUBLIN,Leinster,2ae19629-1e08-13a3-e055-000000000001,711698.02,731242.2,453095.06,1581,453095.0644,2941.432784
267007,BALLINTEER-WOODPARK,Baile an tSaoir-Páirc na Coille,Baile Átha Cliath,DUBLIN,Leinster,2ae19629-1e24-13a3-e055-000000000001,716507.93,726203.8,951457.58,1590,951457.5838,4164.567426
268023,BEAUMONT C,Beaumont C,Baile Átha Cliath,DUBLIN,Leinster,2ae19629-1d21-13a3-e055-000000000001,719160.1,738683.02,595078.33,1603,595078.3276,3426.413939
267113,RATHFARNHAM-BALLYROAN,Ráth Fearnáin-Baile Uí Ruáin,Baile Átha Cliath,DUBLIN,Leinster,2ae19629-1e00-13a3-e055-000000000001,713045.79,728301.45,685888.62,1608,685888.6153,3769.07844
267132,SWORDS-FORREST,Sord-An Fhoraois,Baile Átha Cliath,DUBLIN,Leinster,2ae19629-1ca8-13a3-e055-000000000001,716372.48,745553.04,6682385.85,1622,6682385.854,12295.43836
268061,DRUMFINN,Droim Fionn,Baile Átha Cliath,DUBLIN,Leinster,2ae19629-1d68-13a3-e055-000000000001,709224.96,734305.46,823152.9,1623,823152.9028,4743.374348
267044,CHURCHTOWN-NUTGROVE,Baile an Teampaill-An Garrán Cnó,Baile Átha Cliath,DUBLIN,Leinster,2ae19629-1cf9-13a3-e055-000000000001,715587.22,728023.85,767831.75,1628,767831.7469,4963.882126
267012,BALLINTEER-MEADOWMOUNT,Baile an tSaoir-Droim Cluana,Baile Átha Cliath,DUBLIN,Leinster,2ae19629-1e29-13a3-e055-000000000001,716078.43,727493.33,390306.32,1632,390306.3195,2904.786548
268094,KIMMAGE E,Camaigh E,Baile Átha Cliath,DUBLIN,Leinster,2ae19629-1d9d-13a3-e055-000000000001,712805.42,730917.74,657431.4,1633,657431.3988,3595.576226
268039,CARNA,,Baile Átha Cliath,DUBLIN,Leinster,2ae19629-1d31-13a3-e055-000000000001,708993.65,733498.4,572398.62,1647,572398.6249,3468.248512
267111,PORTMARNOCK SOUTH,Port Mearnóg Theas,Baile Átha Cliath,DUBLIN,Leinster,2ae19629-1dfe-13a3-e055-000000000001,724054.27,742421.49,5392158.39,1650,5392158.391,18156.7591
268013,BALLYGALL B,Baile Gall B,Baile Átha Cliath,DUBLIN,Leinster,2ae19629-1d09-13a3-e055-000000000001,714091.01,738755.01,555596.59,1664,555596.587,3400.871339
267046,CHURCHTOWN-WOODLAWN,Baile an Teampaill-Plásóg na Coille,Baile Átha Cliath,DUBLIN,Leinster,2ae19629-1cfb-13a3-e055-000000000001,716640.78,728906.12,415166.05,1681,415166.0494,2789.045512
268059,DRUMCONDRA SOUTH B,Droim Conrach Theas B,Baile Átha Cliath,DUBLIN,Leinster,2ae19629-1d66-13a3-e055-000000000001,716467.37,736388.76,342943.82,1708,342943.8245,2903.90559
267141,TALLAGHT-KILLINARDAN,Tamhlacht-Cill an Ardáin,Baile Átha Cliath,DUBLIN,Leinster,2ae19629-1cb8-13a3-e055-000000000001,707558.48,726501.75,743419.18,1711,743419.1783,3550.612128
267068,DUN LAOGHAIRE-GLASTHULE,Dún Laoghaire-Glas Tuathail,Baile Átha Cliath,DUBLIN,Leinster,2ae19629-1d3b-13a3-e055-000000000001,724758.27,727634.38,738521.55,1721,738521.546,4094.827205
268093,KIMMAGE D,Camaigh D,Baile Átha Cliath,DUBLIN,Leinster,2ae19629-1d9c-13a3-e055-000000000001,713469.88,731108.53,421640.45,1743,421640.4453,2643.650136
267038,CABINTEELY-LOUGHLINSTOWN,Cábán tSíle-Baile Uí Lachnáin,Baile Átha Cliath,DUBLIN,Leinster,2ae19629-1ce3-13a3-e055-000000000001,722615.48,723491.84,6317933.38,1747,6317933.378,13499.47312
267080,DUNDRUM-SANDYFORD,Dún Droma-Áth an Ghainimh,Baile Átha Cliath,DUBLIN,Leinster,2ae19629-1d5c-13a3-e055-000000000001,717506.94,726459.05,2474179.89,1767,2474179.891,7683.225139
267051,CLONDALKIN-MOORFIELD,Cluain Dolcáin-Gort an Mhúraigh,Baile Átha Cliath,DUBLIN,Leinster,2ae19629-1d00-13a3-e055-000000000001,707279.63,733207.94,2236588.73,1772,2236588.728,7396.253995
267076,DUN LAOGHAIRE-SANDYCOVE,Dún Laoghaire-Cuas an Ghainimh,Baile Átha Cliath,DUBLIN,Leinster,2ae19629-1d58-13a3-e055-000000000001,725510.1,727482.32,974145.23,1791,974145.2259,4903.284371
267065,DONABATE,Domhnach Bat,Baile Átha Cliath,DUBLIN,Leinster,2ae19629-1d38-13a3-e055-000000000001,725841.79,749553.53,24416281.46,1819,24416281.46,49864.78093
267155,TERENURE-CHERRYFIELD,Tír an Iúir-Gort na Silíní,Baile Átha Cliath,DUBLIN,Leinster,2ae19629-1cd7-13a3-e055-000000000001,711607.95,730564.83,453786.72,1847,453786.7193,2939.388017
268083,KILMAINHAM A,Cill Mhaighneann A,Baile Átha Cliath,DUBLIN,Leinster,2ae19629-1d8b-13a3-e055-000000000001,711092.19,733762.21,255397.69,1849,255397.69,2889.988943
268100,MERCHANTS QUAY C,Cé na gCeannaithe C,Baile Átha Cliath,DUBLIN,Leinster,2ae19629-1da3-13a3-e055-000000000001,714561.38,733411.63,331101.04,1854,331101.0356,2859.320496
268131,RATHMINES EAST D,Ráth Maonais Thoir D,Baile Átha Cliath,DUBLIN,Leinster,2ae19629-1dd6-13a3-e055-000000000001,716314.71,731694.79,359617.55,1857,359617.5525,3202.505202
267090,FOXROCK-TORQUAY,Carraig an tSionnaigh-Torquay,Baile Átha Cliath,DUBLIN,Leinster,2ae19629-1d7c-13a3-e055-000000000001,721208.09,726234.74,962398.8,1880,962398.8006,4182.111771
267137,TALLAGHT-BELGARD,Tamhlacht-Belgard,Baile Átha Cliath,DUBLIN,Leinster,2ae19629-1cb4-13a3-e055-000000000001,707176.32,729433.06,2732906.29,1894,2732906.286,7166.399921
267145,TALLAGHT-MILLBROOK,Tamhlacht-Sruth an Mhuilinn,Baile Átha Cliath,DUBLIN,Leinster,2ae19629-1ccd-13a3-e055-000000000001,709740.94,726950.99,643382.15,1904,643382.1542,3607.358706
267041,CASTLEKNOCK-PARK,Caisleán Cnucha-An Pháirc,Baile Átha Cliath,DUBLIN,Leinster,2ae19629-1cf6-13a3-e055-000000000001,709717.99,737566.77,2435730.14,1925,2435730.137,7272.95292
268117,PEMBROKE WEST C,Peambróg Thiar C,Baile Átha Cliath,DUBLIN,Leinster,2ae19629-1dbd-13a3-e055-000000000001,716955.45,732823.2,673457.71,1926,673457.7055,3457.188377
267102,LUCAN NORTH,Leamhcán Thuaidh,Baile Átha Cliath,DUBLIN,Leinster,2ae19629-1dc9-13a3-e055-000000000001,704007.09,736731.57,9531515.15,1929,9531515.152,16601.78904
267158,THE WARD,An Barda,Baile Átha Cliath,DUBLIN,Leinster,2ae19629-1ce8-13a3-e055-000000000001,708644.51,743240.35,24648782.77,1930,24648782.77,26950.76902
267119,SAGGART,Teach Sagard,Baile Átha Cliath,DUBLIN,Leinster,2ae19629-1e16-13a3-e055-000000000001,703235.75,724286.41,13477669.42,1936,13477669.42,23805.684
268130,RATHMINES EAST C,Ráth Maonais Thoir C,Baile Átha Cliath,DUBLIN,Leinster,2ae19629-1dd5-13a3-e055-000000000001,716221.59,730774.84,737506.26,1942,737506.2614,4717.756156
267150,TEMPLEOGUE-KIMMAGE MANOR,Teach Mealóg-Mainéar Chamaí,Baile Átha Cliath,DUBLIN,Leinster,2ae19629-1cd2-13a3-e055-000000000001,712694.37,729778.64,1092788.03,1957,1092788.03,4865.233042
268029,BOTANIC C,Garraithe na Lus C,Baile Átha Cliath,DUBLIN,Leinster,2ae19629-1d27-13a3-e055-000000000001,715509.35,736284.79,299190.7,1965,299190.7047,2462.513343
267071,DUN LAOGHAIRE-MOUNT TOWN,Dún Laoghaire-Baile an Chnoic,Baile Átha Cliath,DUBLIN,Leinster,2ae19629-1d3e-13a3-e055-000000000001,723253,727835.58,335743.17,1997,335743.1684,2370.073119
268065,FINGLAS NORTH C,Fionnghlas Thuaidh C,Baile Átha Cliath,DUBLIN,Leinster,2ae19629-1d6c-13a3-e055-000000000001,713170.28,739805.36,1112590.85,2073,1112590.848,5142.17153
268162,WOOD QUAY B,Cé an Adhmaid B,Baile Átha Cliath,DUBLIN,Leinster,2ae19629-1e0e-13a3-e055-000000000001,715112.67,732803.39,297207.4,2076,297207.3952,2255.218708
267086,FIRHOUSE-KNOCKLYON,Teach na Giúise-Cnoc Lín,Baile Átha Cliath,DUBLIN,Leinster,2ae19629-1d78-13a3-e055-000000000001,711926.32,727721.81,1119225.93,2092,1119225.933,4523.96784
267079,DUNDRUM-KILMACUD,Dún Droma-Cill Mochuda,Baile Átha Cliath,DUBLIN,Leinster,2ae19629-1d5b-13a3-e055-000000000001,717726.68,727889.5,917743.49,2096,917743.4931,4541.834482
267134,SWORDS-SEATOWN,Sord-Baile na Mara,Baile Átha Cliath,DUBLIN,Leinster,2ae19629-1cb1-13a3-e055-000000000001,719387.44,746859.63,4036996.31,2098,4036996.313,12741.48006
268128,RATHMINES EAST A,Ráth Maonais Thoir A,Baile Átha Cliath,DUBLIN,Leinster,2ae19629-1dd3-13a3-e055-000000000001,716539.85,732188.93,697013.69,2105,697013.6877,3552.628293
267133,SWORDS-LISSENHALL,Sord-Halla an Leasáin,Baile Átha Cliath,DUBLIN,Leinster,2ae19629-1cb0-13a3-e055-000000000001,717020.91,750005.01,18775562.41,2109,18775562.41,24045.01124
268022,BEAUMONT B,Beaumont B,Baile Átha Cliath,DUBLIN,Leinster,2ae19629-1d12-13a3-e055-000000000001,718092.91,739098.57,849989.58,2123,849989.5783,4108.940673
268041,CLONTARF EAST A,Cluain Tarbh Thoir A,Baile Átha Cliath,DUBLIN,Leinster,2ae19629-1d43-13a3-e055-000000000001,721087.13,737574.61,2122279.36,2137,2122279.356,6217.449358
267055,CLONSKEAGH-MILLTOWN,Cluain Sceach-Baile an Mhuilinn,Baile Átha Cliath,DUBLIN,Leinster,2ae19629-1d18-13a3-e055-000000000001,717153,730235.49,520148.38,2139,520148.3847,2942.133707
268123,PRIORSWOOD E,Coill an Phrióra E,Baile Átha Cliath,DUBLIN,Leinster,2ae19629-1dce-13a3-e055-000000000001,718964.71,740392.9,408400.3,2143,408400.3009,2546.18299
268142,SAINT KEVIN'S,Toghroinn Chaoimhín,Baile Átha Cliath,DUBLIN,Leinster,2ae19629-1dee-13a3-e055-000000000001,715832.56,732898.79,624634,2159,624634.0021,3324.684486
268111,PEMBROKE EAST B,Peambróg Thoir B,Baile Átha Cliath,DUBLIN,Leinster,2ae19629-1db7-13a3-e055-000000000001,718599.57,732885.77,682599.75,2161,682599.7495,3727.587968
268076,HARMONSTOWN A,Baile Hearman A,Baile Átha Cliath,DUBLIN,Leinster,2ae19629-1d84-13a3-e055-000000000001,719986.03,738919.84,610748.63,2170,610748.6282,3260.434094
267081,DUNDRUM-SWEETMOUNT,Dún Droma-Droim Meala,Baile Átha Cliath,DUBLIN,Leinster,2ae19629-1d5d-13a3-e055-000000000001,716639.37,728211.6,557781.26,2173,557781.2636,3065.333797
267156,TERENURE-GREENTREES,Tír an Iúir-Na Crainn Ghlasa,Baile Átha Cliath,DUBLIN,Leinster,2ae19629-1ce6-13a3-e055-000000000001,712278.76,730334.68,663285.32,2179,663285.3192,3667.942241
268058,DRUMCONDRA SOUTH A,Droim Conrach Theas A,Baile Átha Cliath,DUBLIN,Leinster,2ae19629-1d65-13a3-e055-000000000001,716680.32,736842.65,1039169.48,2185,1039169.484,4294.676287
268075,GRANGE E,An Ghráinseach E,Baile Átha Cliath,DUBLIN,Leinster,2ae19629-1d83-13a3-e055-000000000001,721400.88,738993.99,549148.22,2231,549148.2209,3954.752086
268014,BALLYGALL D,Baile Gall D,Baile Átha Cliath,DUBLIN,Leinster,2ae19629-1d0a-13a3-e055-000000000001,714331.69,738145.1,433485.58,2235,433485.5769,2619.424063
268109,NORTH DOCK C,An Duga Thuaidh C,Baile Átha Cliath,DUBLIN,Leinster,2ae19629-1db5-13a3-e055-000000000001,716679.93,734936.18,606240.52,2238,606240.5242,3488.445487
268067,FINGLAS SOUTH B,Fionnghlas Theas B,Baile Átha Cliath,DUBLIN,Leinster,2ae19629-1d6e-13a3-e055-000000000001,713371.85,738226.65,999311.64,2263,999311.6365,4896.839346
268124,RAHENY-FOXFIELD,Ráth Eanaigh-Gort an tSionnaigh,Baile Átha Cliath,DUBLIN,Leinster,2ae19629-1dcf-13a3-e055-000000000001,722498.16,738641.43,584670.85,2268,584670.8459,3255.700315
268087,KILMORE D,An Choill Mhór D,Baile Átha Cliath,DUBLIN,Leinster,2ae19629-1d96-13a3-e055-000000000001,719304.76,739362.78,519875.75,2269,519875.7509,3318.131123
268141,ROYAL EXCHANGE B,An Malartán Ríoga B,Baile Átha Cliath,DUBLIN,Leinster,2ae19629-1ded-13a3-e055-000000000001,715689.03,733613.53,221348.38,2274,221348.3818,2114.852181
268024,BEAUMONT D,Beaumont D,Baile Átha Cliath,DUBLIN,Leinster,2ae19629-1d22-13a3-e055-000000000001,718622.27,738239.5,466633.68,2295,466633.6829,2761.363449
267023,BLACKROCK-NEWPARK,An Charraig Dhubh-An Pháirc Nua,Baile Átha Cliath,DUBLIN,Leinster,2ae19629-1cc1-13a3-e055-000000000001,721874.27,727856.22,502861.49,2300,502861.4863,3067.202386
268137,RATHMINES WEST F,Ráth Maonais Thiar F,Baile Átha Cliath,DUBLIN,Leinster,2ae19629-1de9-13a3-e055-000000000001,715096.1,731414.99,434474.19,2305,434474.1907,2913.496781
267104,LUSK,Lusca,Baile Átha Cliath,DUBLIN,Leinster,2ae19629-1ddf-13a3-e055-000000000001,720336.1,755098.1,42725435.82,2307,42725435.81,52860.78472
267107,NEWCASTLE,An Caisleán Nua,Baile Átha Cliath,DUBLIN,Leinster,2ae19629-1de2-13a3-e055-000000000001,701078.5,728698.89,32126695.18,2323,32126695.18,28715.33754
267122,SHANKILL-SHANGANAGH,Seanchill-Seangánach,Baile Átha Cliath,DUBLIN,Leinster,2ae19629-1e19-13a3-e055-000000000001,725955.29,720823.16,2977420.17,2330,2977420.17,8105.839986
267060,DALKEY HILL,Cnoc Dheilginse,Baile Átha Cliath,DUBLIN,Leinster,2ae19629-1d1d-13a3-e055-000000000001,726517.45,726135.94,1212966.29,2395,1212966.288,5690.181909
268080,INNS QUAY A,Cé na nÓstaí A,Baile Átha Cliath,DUBLIN,Leinster,2ae19629-1d88-13a3-e055-000000000001,715429.26,735922.9,317296.19,2399,317296.1904,2559.830102
268043,CLONTARF EAST C,Cluain Tarbh Thoir C,Baile Átha Cliath,DUBLIN,Leinster,2ae19629-1d45-13a3-e055-000000000001,719650.95,736419.5,827774.66,2409,827774.664,4195.820707
267064,DALKEY-COLIEMORE,Deilginis-An Choill Mhór,Baile Átha Cliath,DUBLIN,Leinster,2ae19629-1d37-13a3-e055-000000000001,726777.37,726840.26,497034.26,2429,497034.2625,4375.230557
267010,BALLINTEER-MARLEY,Baile an tSaoir-Marlaigh,Baile Átha Cliath,DUBLIN,Leinster,2ae19629-1e27-13a3-e055-000000000001,715364.22,726583.5,1326307.75,2430,1326307.746,6400.164665
268055,CRUMLIN E,Cromghlinn E,Baile Átha Cliath,DUBLIN,Leinster,2ae19629-1d62-13a3-e055-000000000001,712095.07,732382.1,377031.01,2459,377031.0071,2807.895966
267077,DUN LAOGHAIRE-WEST CENTRAL,Dún Laoghaire Láir Thiar,Baile Átha Cliath,DUBLIN,Leinster,2ae19629-1d59-13a3-e055-000000000001,724083.44,728671.87,474487.67,2469,474487.6657,4543.844456
267028,BLANCHARDSTOWN-BLAKESTOWN,Baile Bhlainséir-Baile an Bhlácaigh,Baile Átha Cliath,DUBLIN,Leinster,2ae19629-1cc6-13a3-e055-000000000001,704404.81,739450.32,7873486.98,2473,7873486.98,14126.12753
267020,BLACKROCK-CARYSFORT,An Charraig Dhubh-Dún Carúin,Baile Átha Cliath,DUBLIN,Leinster,2ae19629-1cbe-13a3-e055-000000000001,721054.99,727721.38,1305633.78,2476,1305633.78,5198.016282
267118,RUSH,An Ros,Baile Átha Cliath,DUBLIN,Leinster,2ae19629-1e15-13a3-e055-000000000001,725905.96,754515.83,6770909.71,2478,6770909.711,15265.21856
267036,CABINTEELY-GRANITEFIELD,Cábán tSíle-Gort an Eibhir,Baile Átha Cliath,DUBLIN,Leinster,2ae19629-1ce1-13a3-e055-000000000001,724007.55,725513.27,570424.52,2490,570424.5209,3300.744062
268112,PEMBROKE EAST C,Peambróg Thoir C,Baile Átha Cliath,DUBLIN,Leinster,2ae19629-1db8-13a3-e055-000000000001,719261.06,731776.66,876969.17,2494,876969.1681,5833.735438
268064,FINGLAS NORTH B,Fionnghlas Thuaidh B,Baile Átha Cliath,DUBLIN,Leinster,2ae19629-1d6b-13a3-e055-000000000001,712689.49,739451,648699.4,2506,648699.4045,3483.137402
267074,DUN LAOGHAIRE-SALLYNOGGIN WEST,Dún Laoghaire-An Naigín Thiar,Baile Átha Cliath,DUBLIN,Leinster,2ae19629-1d41-13a3-e055-000000000001,723568.83,727094.21,613421.36,2522,613421.3578,3519.563654
268077,HARMONSTOWN B,Baile Hearman B,Baile Átha Cliath,DUBLIN,Leinster,2ae19629-1d85-13a3-e055-000000000001,720392.19,738266.98,575426.26,2525,575426.2604,3791.184712
267110,PORTMARNOCK NORTH,Port Mearnóg Thuaidh,Baile Átha Cliath,DUBLIN,Leinster,2ae19629-1de5-13a3-e055-000000000001,724222.31,744249.04,1042973.15,2540,1042973.146,5378.318241
267117,RATHFARNHAM VILLAGE,Ráth Fearnáin (Sráidbhaile),Baile Átha Cliath,DUBLIN,Leinster,2ae19629-1e04-13a3-e055-000000000001,714665.8,729116.07,781416.4,2547,781416.3981,4764.944214
267089,FOXROCK-DEANS GRANGE,Carraig an tSionnaigh-Gráinseach an Déin,Baile Átha Cliath,DUBLIN,Leinster,2ae19629-1d7b-13a3-e055-000000000001,721745.62,726941.88,1009511.79,2553,1009511.787,4125.361218
267042,CHURCHTOWN-CASTLE,Baile an Teampaill-An Caisleán,Baile Átha Cliath,DUBLIN,Leinster,2ae19629-1cf7-13a3-e055-000000000001,715346.6,728709.53,848653.96,2562,848653.9554,4640.624475
267147,TALLAGHT-SPRINGFIELD,Tamhlacht-Achadh an Tobair,Baile Átha Cliath,DUBLIN,Leinster,2ae19629-1ccf-13a3-e055-000000000001,708019.74,727954.21,2096146.32,2577,2096146.315,6758.983757
267049,CLONDALKIN-DUNAWLEY,Cluain Dolcáin-Dún Amhlaoibh,Baile Átha Cliath,DUBLIN,Leinster,2ae19629-1cfe-13a3-e055-000000000001,704726.78,731598.34,4742358.79,2582,4742358.79,10613.17603
268047,CLONTARF WEST B,Cluain Tarbh Thiar B,Baile Átha Cliath,DUBLIN,Leinster,2ae19629-1d49-13a3-e055-000000000001,718875.71,737586.01,394917.95,2591,394917.9512,3146.089695
267125,STILLORGAN-KILMACUD,Stigh Lorgan-Cill Mochuda,Baile Átha Cliath,DUBLIN,Leinster,2ae19629-1ca1-13a3-e055-000000000001,718858.44,727503.15,917870.04,2612,917870.0436,4067.676791
268038,CHERRY ORCHARD A,Gort na Silíní A,Baile Átha Cliath,DUBLIN,Leinster,2ae19629-1d30-13a3-e055-000000000001,707970.95,733351.22,981590.44,2620,981590.4448,4389.092709
268019,BALLYMUN E,Baile Munna E,Baile Átha Cliath,DUBLIN,Leinster,2ae19629-1d0f-13a3-e055-000000000001,714941.07,739427.02,354460.04,2633,354460.044,2887.249675
268102,MERCHANTS QUAY E,Cé na gCeannaithe E,Baile Átha Cliath,DUBLIN,Leinster,2ae19629-1da5-13a3-e055-000000000001,714634.24,732764.6,227057.46,2671,227057.4624,2250.558011
268005,ARRAN QUAY E,Cé Árann E,Baile Átha Cliath,DUBLIN,Leinster,2ae19629-1cef-13a3-e055-000000000001,713990.78,735056.78,264397.57,2672,264397.5739,2590.024527
267019,BLACKROCK-BOOTERSTOWN,An Charraig Dhubh-Baile an Bhóthair,Baile Átha Cliath,DUBLIN,Leinster,2ae19629-1e38-13a3-e055-000000000001,719840.84,729935.29,790976.08,2677,790976.0757,4260.858527
267030,BLANCHARDSTOWN-CORDUFF,Baile Bhlainséir-An Chorr Dhubh,Baile Átha Cliath,DUBLIN,Leinster,2ae19629-1cc8-13a3-e055-000000000001,708075.32,740101.62,1448681.67,2681,1448681.668,5976.929734
268110,PEMBROKE EAST A,Peambróg Thoir A,Baile Átha Cliath,DUBLIN,Leinster,2ae19629-1db6-13a3-e055-000000000001,720484.82,733606.35,2143076.67,2695,2143076.667,14749.38224
268049,CLONTARF WEST D,Cluain Tarbh Thiar D,Baile Átha Cliath,DUBLIN,Leinster,2ae19629-1d4b-13a3-e055-000000000001,717862.49,736227.45,821414.14,2700,821414.1436,5104.171714
267053,CLONDALKIN VILLAGE,Cluain Dolcáin,Baile Átha Cliath,DUBLIN,Leinster,2ae19629-1d02-13a3-e055-000000000001,704979.28,730296.57,6036367.76,2802,6036367.755,11846.37895
268052,CRUMLIN B,Cromghlinn B,Baile Átha Cliath,DUBLIN,Leinster,2ae19629-1d4e-13a3-e055-000000000001,712872.73,732640.72,747783.52,2803,747783.524,3619.10807
268089,KILMORE B,An Choill Mhór B,Baile Átha Cliath,DUBLIN,Leinster,2ae19629-1d98-13a3-e055-000000000001,718361.36,739794.35,479218.3,2805,479218.2981,3046.428315
267085,FIRHOUSE-BALLYCULLEN,Teach na Giúise-Baile Uí Chuilinn,Baile Átha Cliath,DUBLIN,Leinster,2ae19629-1d61-13a3-e055-000000000001,712294.91,726060.73,2845633.11,2817,2845633.114,7921.099439
268159,WHITEHALL C,An Halla Bán C,Baile Átha Cliath,DUBLIN,Leinster,2ae19629-1e0b-13a3-e055-000000000001,716666.43,739559.08,734105.86,2823,734105.8589,4064.600814
268071,GRANGE A,An Ghráinseach A,Baile Átha Cliath,DUBLIN,Leinster,2ae19629-1d7f-13a3-e055-000000000001,721559.74,740501.08,1673551.61,2848,1673551.606,5927.691995
268114,PEMBROKE EAST E,Peambróg Thoir E,Baile Átha Cliath,DUBLIN,Leinster,2ae19629-1dba-13a3-e055-000000000001,718405.88,732136.93,1195197.71,2852,1195197.714,4783.39288
267093,HOLLYWOOD,An Choill Naofa,Baile Átha Cliath,DUBLIN,Leinster,2ae19629-1d94-13a3-e055-000000000001,714171.77,759820.96,30052062.55,2876,30052062.55,37685.17427
268115,PEMBROKE WEST A,Peambróg Thiar A,Baile Átha Cliath,DUBLIN,Leinster,2ae19629-1dbb-13a3-e055-000000000001,717702.98,733335.68,637297.44,2888,637297.4372,3504.750449
267032,BLANCHARDSTOWN-MULHUDDART,Baile Bhlainséir-Mullach Eadrad,Baile Átha Cliath,DUBLIN,Leinster,2ae19629-1cdd-13a3-e055-000000000001,707507.36,740756.02,1836908.14,2891,1836908.144,5511.819332
267015,BALLYBRACK,An Baile Breac,Baile Átha Cliath,DUBLIN,Leinster,2ae19629-1e34-13a3-e055-000000000001,724558.71,724707.51,608773.07,2900,608773.0713,3741.087188
267121,SHANKILL-RATHSALLAGH,Seanchill-Ráth Salach,Baile Átha Cliath,DUBLIN,Leinster,2ae19629-1e18-13a3-e055-000000000001,726369.67,724477.23,1089000.33,2904,1089000.327,6636.15728
267045,CHURCHTOWN-ORWELL,Baile an Teampaill-Orwell,Baile Átha Cliath,DUBLIN,Leinster,2ae19629-1cfa-13a3-e055-000000000001,715935.67,729353.3,955949.94,2905,955949.9408,4540.156295
267005,BALGRIFFIN,Baile Ghrífín,Baile Átha Cliath,DUBLIN,Leinster,2ae19629-1e22-13a3-e055-000000000001,720054.8,742546.92,10373717.5,2914,10373717.5,16675.44025
268016,BALLYMUN B,Baile Munna B,Baile Átha Cliath,DUBLIN,Leinster,2ae19629-1d0c-13a3-e055-000000000001,714855.51,740397.66,663420.77,2940,663420.7719,3575.318289
268092,KIMMAGE C,Camaigh C,Baile Átha Cliath,DUBLIN,Leinster,2ae19629-1d9b-13a3-e055-000000000001,714165.67,731903.63,938149.53,2954,938149.5343,4202.519616
268127,RATHFARNHAM,Ráth Fearnáin,Baile Átha Cliath,DUBLIN,Leinster,2ae19629-1dd2-13a3-e055-000000000001,715226.98,730106.82,1232852.96,2958,1232852.955,5291.868331
267033,BLANCHARDSTOWN-ROSELAWN,Baile Bhlainséir-Plásóg na Rós,Baile Átha Cliath,DUBLIN,Leinster,2ae19629-1cde-13a3-e055-000000000001,707938.68,738394.87,469799.14,2960,469799.1432,2957.500084
267103,LUCAN-St. HELENS,Leamhcán-Teach San Eiléan,Baile Átha Cliath,DUBLIN,Leinster,2ae19629-1dde-13a3-e055-000000000001,701706.66,733813.96,9938178.92,2965,9938178.918,15783.87992
267109,PALMERSTON WEST,Baile Phámar Thiar,Baile Átha Cliath,DUBLIN,Leinster,2ae19629-1de4-13a3-e055-000000000001,707597.24,734988.51,3914639.06,2977,3914639.061,10698.73785
268085,KILMAINHAM C,Cill Mhaighneann C,Baile Átha Cliath,DUBLIN,Leinster,2ae19629-1d8d-13a3-e055-000000000001,712095.17,733310.36,590037.07,2994,590037.0675,3618.068395
267097,KILLINEY SOUTH,Cill Iníon Léinín Theas,Baile Átha Cliath,DUBLIN,Leinster,2ae19629-1db1-13a3-e055-000000000001,725161.89,723550.87,1571308.44,3018,1571308.44,5479.312045
267024,BLACKROCK-STRADBROOK,An Charraig Dhubh-Sráid an tSrutháin,Baile Átha Cliath,DUBLIN,Leinster,2ae19629-1cc2-13a3-e055-000000000001,722474.58,727668.46,553379.83,3021,553379.8342,3905.002577
267101,LUCAN HEIGHTS,Arda Leamhcáin,Baile Átha Cliath,DUBLIN,Leinster,2ae19629-1dc8-13a3-e055-000000000001,704718.8,735159.22,3616724.92,3047,3616724.923,10633.57095
267008,BALLINTEER-BROADFORD,Baile an tSaoir-An tÁth Leathan,Baile Átha Cliath,DUBLIN,Leinster,2ae19629-1e25-13a3-e055-000000000001,715997.7,726759.48,579946.25,3050,579946.2469,3248.396836
267157,TERENURE-St. JAMES,Tír an Iúir-San Séamas,Baile Átha Cliath,DUBLIN,Leinster,2ae19629-1ce7-13a3-e055-000000000001,710949.5,730401.2,648046.48,3056,648046.4777,3640.792863
267152,TEMPLEOGUE-ORWELL,Teach Mealóg-Orwell,Baile Átha Cliath,DUBLIN,Leinster,2ae19629-1cd4-13a3-e055-000000000001,712177.79,729345.2,470682.44,3074,470682.4418,3207.564072
268122,PRIORSWOOD B,Coill an Phrióra B,Baile Átha Cliath,DUBLIN,Leinster,2ae19629-1dcd-13a3-e055-000000000001,719715.38,740756.69,460757.48,3076,460757.4823,3199.389705
267092,GLENCULLEN,Gleann Cuilinn,Baile Átha Cliath,DUBLIN,Leinster,2ae19629-1d7e-13a3-e055-000000000001,718758.97,722345.65,33870878.56,3079,33870878.56,30517.50993
268139,ROTUNDA B,Rotunda B,Baile Átha Cliath,DUBLIN,Leinster,2ae19629-1deb-13a3-e055-000000000001,715441.49,734994.96,208384.77,3081,208384.7694,2066.046541
267116,RATHFARNHAM-St. ENDA'S,Ráth Fearnáin-Páirc Naomh Éanna,Baile Átha Cliath,DUBLIN,Leinster,2ae19629-1e03-13a3-e055-000000000001,714157.49,727967.41,1082161.69,3087,1082161.695,5532.474314
267128,STILLORGAN-MOUNT MERRION,Stigh Lorgan-Cnoc Mhuirfean,Baile Átha Cliath,DUBLIN,Leinster,2ae19629-1ca4-13a3-e055-000000000001,719679.57,728788.04,877570.73,3088,877570.7303,4681.55251
268154,WALKINSTOWN A,Baile Bhailcín A,Baile Átha Cliath,DUBLIN,Leinster,2ae19629-1e06-13a3-e055-000000000001,710804.52,731552.89,984781.52,3091,984781.5239,4449.788124
267099,KINSALEY,Cionn Sáile,Baile Átha Cliath,DUBLIN,Leinster,2ae19629-1dc6-13a3-e055-000000000001,720261.63,744194.28,11256056.35,3100,11256056.35,17239.08859
268009,BALLYBOUGH A,An Baile Bocht A,Baile Átha Cliath,DUBLIN,Leinster,2ae19629-1d05-13a3-e055-000000000001,716826.73,735688.01,349152.78,3108,349152.7752,2888.543875
268107,NORTH DOCK A,An Duga Thuaidh A,Baile Átha Cliath,DUBLIN,Leinster,2ae19629-1db3-13a3-e055-000000000001,717167.06,735645.01,143027.03,3118,143027.0266,1744.25658
267039,CABINTEELY-POTTERY,Cábán tSíle-An Photaireacht,Baile Átha Cliath,DUBLIN,Leinster,2ae19629-1ce4-13a3-e055-000000000001,723162.78,726144.47,1605482.8,3128,1605482.797,5910.842882
268097,MANSION HOUSE B,Teach an Ardmhéara B,Baile Átha Cliath,DUBLIN,Leinster,2ae19629-1da0-13a3-e055-000000000001,716246.17,733380.93,647077.98,3139,647077.9797,3413.749796
268060,DRUMCONDRA SOUTH C,Droim Conrach Theas C,Baile Átha Cliath,DUBLIN,Leinster,2ae19629-1d67-13a3-e055-000000000001,715905.67,737305.62,748829.25,3149,748829.249,3590.668119
267061,DALKEY UPPER,Deilginis Uachtarach,Baile Átha Cliath,DUBLIN,Leinster,2ae19629-1d1e-13a3-e055-000000000001,725740.11,726514.93,584138.72,3153,584138.7166,3090.617713
268129,RATHMINES EAST B,Ráth Maonais Thoir B,Baile Átha Cliath,DUBLIN,Leinster,2ae19629-1dd4-13a3-e055-000000000001,717097.98,731012.12,1257427.73,3157,1257427.729,5359.590464
267066,DUBBER,Dúbóthar,Baile Átha Cliath,DUBLIN,Leinster,2ae19629-1d39-13a3-e055-000000000001,712754.96,743135.75,18051360.48,3162,18051360.48,25805.52867
267047,CLONDALKIN-BALLYMOUNT,Cluain Dolcáin-Baile an Mhóta,Baile Átha Cliath,DUBLIN,Leinster,2ae19629-1cfc-13a3-e055-000000000001,709021.31,730624.28,3145735.79,3178,3145735.791,9798.092951
268081,INNS QUAY B,Cé na nÓstaí B,Baile Átha Cliath,DUBLIN,Leinster,2ae19629-1d89-13a3-e055-000000000001,715267.76,735462.28,282863.9,3180,282863.9046,2372.519413
267148,TALLAGHT-TYMON,Tamhlacht-Tigh Motháin,Baile Átha Cliath,DUBLIN,Leinster,2ae19629-1cd0-13a3-e055-000000000001,710307.21,728612.73,1999447.71,3183,1999447.706,5843.754365
267021,BLACKROCK-CENTRAL,An Charraig Dhubh-An Lár,Baile Átha Cliath,DUBLIN,Leinster,2ae19629-1cbf-13a3-e055-000000000001,720819.3,728965.14,1026367.79,3193,1026367.791,5843.167086
268074,GRANGE D,An Ghráinseach D,Baile Átha Cliath,DUBLIN,Leinster,2ae19629-1d82-13a3-e055-000000000001,721946.91,738915.7,662344.66,3195,662344.6638,3593.861409
268158,WHITEHALL B,An Halla Bán B,Baile Átha Cliath,DUBLIN,Leinster,2ae19629-1e0a-13a3-e055-000000000001,716162.92,738868.32,752187.45,3198,752187.4532,4129.408109
268006,ASHTOWN A,Baile an Ásaigh A,Baile Átha Cliath,DUBLIN,Leinster,2ae19629-1cf0-13a3-e055-000000000001,711906.58,737121.2,1996106.8,3209,1996106.797,6116.272838
268136,RATHMINES WEST E,Ráth Maonais Thiar E,Baile Átha Cliath,DUBLIN,Leinster,2ae19629-1de8-13a3-e055-000000000001,714812.17,730703.19,453385.35,3246,453385.3474,3034.487083
268101,MERCHANTS QUAY D,Cé na gCeannaithe D,Baile Átha Cliath,DUBLIN,Leinster,2ae19629-1da4-13a3-e055-000000000001,714640,733032.61,220723.02,3261,220723.0202,2244.087811
268036,CABRA WEST D,An Chabrach Thiar D,Baile Átha Cliath,DUBLIN,Leinster,2ae19629-1d2e-13a3-e055-000000000001,713016.87,735557.6,600643.96,3272,600643.9555,3426.382911
268056,CRUMLIN F,Cromghlinn F,Baile Átha Cliath,DUBLIN,Leinster,2ae19629-1d63-13a3-e055-000000000001,711660.68,732063.65,399733.16,3274,399733.1568,2764.803642
268079,INCHICORE B,Inse Chór B,Baile Átha Cliath,DUBLIN,Leinster,2ae19629-1d87-13a3-e055-000000000001,710636.89,732393.5,813078.51,3280,813078.5116,4577.263533
268134,RATHMINES WEST C,Ráth Maonais Thiar C,Baile Átha Cliath,DUBLIN,Leinster,2ae19629-1de6-13a3-e055-000000000001,715797.52,731196.93,421095.21,3284,421095.2149,2962.163066
268015,BALLYMUN A,Baile Munna A,Baile Átha Cliath,DUBLIN,Leinster,2ae19629-1d0b-13a3-e055-000000000001,714149.61,740350.56,945989.47,3314,945989.4679,4764.714091
267146,TALLAGHT-OLDBAWN,Tamhlacht-An Seanbhábhún,Baile Átha Cliath,DUBLIN,Leinster,2ae19629-1cce-13a3-e055-000000000001,708616.87,726908.81,1486033.27,3320,1486033.266,5145.609911
267084,FIRHOUSE VILLAGE,Teach na Giúise,Baile Átha Cliath,DUBLIN,Leinster,2ae19629-1d60-13a3-e055-000000000001,710656.07,726580.2,2424197.8,3322,2424197.797,7657.891232
268031,CABRA EAST B,An Chabrach Thoir B,Baile Átha Cliath,DUBLIN,Leinster,2ae19629-1d29-13a3-e055-000000000001,714086.07,736333.9,465958.59,3349,465958.5929,2892.166088
268044,CLONTARF EAST D,Cluain Tarbh Thoir D,Baile Átha Cliath,DUBLIN,Leinster,2ae19629-1d46-13a3-e055-000000000001,719163.3,736541.83,626709.69,3350,626709.6908,3500.22089
268091,KIMMAGE B,Camaigh B,Baile Átha Cliath,DUBLIN,Leinster,2ae19629-1d9a-13a3-e055-000000000001,713176.82,731548.01,429325.31,3382,429325.3124,2758.780969
267112,RATHCOOLE,Ráth Cúil,Baile Átha Cliath,DUBLIN,Leinster,2ae19629-1dff-13a3-e055-000000000001,700399.85,724572.09,15468010.66,3396,15468010.66,25017.41597
267123,SKERRIES,Na Sceirí,Baile Átha Cliath,DUBLIN,Leinster,2ae19629-1c9f-13a3-e055-000000000001,724657.6,760229.42,2326623.13,3399,2326623.133,9542.382413
267040,CASTLEKNOCK-KNOCKMAROON,Caisleán Cnucha-Cnoc Mhaolruain,Baile Átha Cliath,DUBLIN,Leinster,2ae19629-1ce5-13a3-e055-000000000001,707845.78,736518.63,7009241.78,3404,7009241.784,13669.3865
268072,GRANGE B,An Ghráinseach B,Baile Átha Cliath,DUBLIN,Leinster,2ae19629-1d80-13a3-e055-000000000001,722593.67,740698.96,1159137.26,3449,1159137.257,4689.836134
